# Which parent repositories pin packages this repository releases, and which packages they pin.
# Read by build/notify-parents.sh (called from release.yml after publishing) to file a re-pin
# issue in each parent. Columns are single-tab-separated.
#   tag-prefix  the release tag's prefix - the version follows it (v3.12.1.4 -> prefix "v")
#   parent      owner/repo of the repository holding the pin
#   packages    space-separated package ids the parent pins from this repository's release
# A released tag whose prefix matches no row notifies nobody.
#
# tag-prefix	parent	packages
v	sbokatuk/Net.Agora	Net.Agora.Video.Android Net.Agora.Voice.Android
signaling-v	sbokatuk/Net.Agora	Net.Agora.Signaling.Android
chat-v	sbokatuk/Net.Agora	Net.Agora.Chat.Android
whiteboard-v	sbokatuk/Net.Agora	Net.Agora.Whiteboard.Android
fastboard-v	sbokatuk/Net.Agora	Net.Agora.Fastboard.Android
# iot-v has no row: Net.Agora.IoT.Android is Android-only and no umbrella pins it.
